"from_year","to_year","level","from_code","to_code","to_code_all","source_pair"
"1986","1994","L","01","01","01","1986_1994"
"1986","1994","L","03","02","02","1986_1994"
"1986","1994","L","04","03","03","1986_1994"
"1986","1994","L","05","04","04","1986_1994"
"1986","1994","L","06","51","51","1986_1994"
"1986","1994","L","07","05","05","1986_1994"
"1986","1994","L","08","06","06","1986_1994"
"1986","1994","L","09","07","07","1986_1994"
"1986","1994","L","10","08","08","1986_1994"
"1986","1994","L","11","09","09","1986_1994"
"1986","1994","L","12","10","10","1986_1994"
"1986","1994","L","13","10","10","1986_1994"
"1986","1994","L","14","11","11","1986_1994"
"1986","1994","L","15","12","12","1986_1994"
"1986","1994","L","16","46","46","1986_1994"
"1986","1994","L","17","13","13","1986_1994"
"1986","1994","L","17","14","14","1986_1994"
"1986","1994","L","18","13","13","1986_1994"
"1986","1994","L","18","14","14","1986_1994"
"1986","1994","L","19","14","14","1986_1994"
"1986","1994","L","19","15","15","1986_1994"
"1986","1994","L","20","16","16","1986_1994"
"1986","1994","L","21","13","13","1986_1994"
"1986","1994","L","21","26","26","1986_1994"
"1986","1994","L","22","17","17","1986_1994"
"1986","1994","L","24","18","18","1986_1994"
"1986","1994","L","25","19","19","1986_1994"
"1986","1994","L","26","20","20","1986_1994"
"1986","1994","L","27","21","21","1986_1994"
"1986","1994","L","28","22","22","1986_1994"
"1986","1994","L","30","24","24","1986_1994"
"1986","1994","L","31","43","43","1986_1994"
"1986","1994","L","33","44","44","1986_1994"
"1986","1994","L","34","25","25","1986_1994"
"1986","1994","L","35","25","25","1986_1994"
"1986","1994","L","35","43","43","1986_1994"
"1986","1994","L","35","45","45","1986_1994"
"1986","1994","L","36","26","26","1986_1994"
"1986","1994","L","37","26","26","1986_1994"
"1986","1994","L","38","27","27","1986_1994"
"1986","1994","L","40","28","28","1986_1994"
"1986","1994","L","41","29","29","1986_1994"
"1986","1994","L","42","29","29","1986_1994"
"1986","1994","L","43","30","30","1986_1994"
"1986","1994","L","43","43","43","1986_1994"
"1986","1994","L","44","30","30","1986_1994"
"1986","1994","L","45","31","31","1986_1994"
"1986","1994","L","45","43","43","1986_1994"
"1986","1994","L","46","31","31","1986_1994"
"1986","1994","L","48","32","32","1986_1994"
"1986","1994","L","49","33","33","1986_1994"
"1986","1994","L","50","50","50","1986_1994"
"1986","1994","L","51","34","34","1986_1994"
"1986","1994","L","52","34","34","1986_1994"
"1986","1994","L","52","43","43","1986_1994"
"1986","1994","L","53","35","35","1986_1994"
"1986","1994","L","53","36","36","1986_1994"
"1986","1994","L","54","36","36","1986_1994"
"1986","1994","L","54","37","37","1986_1994"
"1986","1994","L","54","42","42","1986_1994"
"1986","1994","L","55","35","35","1986_1994"
"1986","1994","L","55","36","36","1986_1994"
"1986","1994","L","56","37","37","1986_1994"
"1986","1994","L","58","40","40","1986_1994"
"1986","1994","L","60","41","41","1986_1994"
"1986","1994","L","61","41","41","1986_1994"
"1986","1994","L","63","42","42","1986_1994"
"1986","1994","L","66","43","43","1986_1994"
"1986","1994","L","67","50","50","1986_1994"
"1986","1994","L","67","93","93","1986_1994"
"1986","1994","L","69","47","47","1986_1994"
"1986","1994","L","71","48","48","1986_1994"
"1986","1994","L","71","50","50","1986_1994"
"1986","1994","L","73","52","52","1986_1994"
"1986","1994","L","73","53","53","1986_1994"
"1986","1994","L","73","55","55","1986_1994"
"1986","1994","L","73","56","56","1986_1994"
"1986","1994","L","73","57","57","1986_1994"
"1986","1994","L","74","60","60","1986_1994"
"1986","1994","L","77","67","67","1986_1994"
"1986","1994","L","79","59","59","1986_1994"
"1986","1994","L","80","73","73","1986_1994"
"1986","1994","L","81","75","75","1986_1994"
"1986","1994","L","82","76","76","1986_1994"
"1986","1994","L","82","80","80","1986_1994"
"1986","1994","L","83","82","82","1986_1994"
"1986","1994","L","84","85","85","1986_1994"
"1986","1994","L","85","86","86","1986_1994"
"1986","1994","L","86","87","87","1986_1994"
"1986","1994","L","87","89","89","1986_1994"
"1986","1994","L","88","90","90","1986_1994"
"1986","1994","L","88","91","91","1986_1994"
"1986","1994","L","89","91","91","1986_1994"
"1986","1994","L","90","92","92","1986_1994"
"1986","1994","L","91","83","83","1986_1994"
"1986","1994","L","91","93","93","1986_1994"
"1986","1994","L","93","68","68","1986_1994"
"1986","1994","L","94","70","70","1986_1994"
"1986","1994","L","95","94","94","1986_1994"
"1986","1994","L","96","95","95","1986_1994"
"1986","1994","L","97","96","96","1986_1994"
"1986","1994","L","98","99","99","1986_1994"
"1986","1994","L",,"03","03","1986_1994"
"1986","1994","L",,"13","13","1986_1994"
"1986","1994","L",,"14","14","1986_1994"
"1986","1994","L",,"15","15","1986_1994"
"1986","1994","L",,"19","19","1986_1994"
"1986","1994","L",,"20","20","1986_1994"
"1986","1994","L",,"22","22","1986_1994"
"1986","1994","L",,"23","23","1986_1994"
"1986","1994","L",,"25","25","1986_1994"
"1986","1994","L",,"26","26","1986_1994"
"1986","1994","L",,"28","28","1986_1994"
"1986","1994","L",,"31","31","1986_1994"
"1986","1994","L",,"33","33","1986_1994"
"1986","1994","L",,"34","34","1986_1994"
"1986","1994","L",,"36","36","1986_1994"
"1986","1994","L",,"37","37","1986_1994"
"1986","1994","L",,"39","39","1986_1994"
"1986","1994","L",,"40","40","1986_1994"
"1986","1994","L",,"42","42","1986_1994"
"1986","1994","L",,"43","43","1986_1994"
"1986","1994","L",,"48","48","1986_1994"
"1986","1994","L",,"49","49","1986_1994"
"1986","1994","L",,"50","50","1986_1994"
"1986","1994","L",,"54","54","1986_1994"
"1986","1994","L",,"57","57","1986_1994"
"1986","1994","L",,"58","58","1986_1994"
"1986","1994","L",,"61","61","1986_1994"
"1986","1994","L",,"62","62","1986_1994"
"1986","1994","L",,"63","63","1986_1994"
"1986","1994","L",,"64","64","1986_1994"
"1986","1994","L",,"65","65","1986_1994"
"1986","1994","L",,"72","72","1986_1994"
"1986","1994","L",,"74","74","1986_1994"
"1986","1994","L",,"75","75","1986_1994"
"1986","1994","L",,"76","76","1986_1994"
"1986","1994","L",,"78","78","1986_1994"
"1986","1994","L",,"79","79","1986_1994"
"1986","1994","L",,"80","80","1986_1994"
"1986","1994","L",,"81","81","1986_1994"
"1986","1994","L",,"84","84","1986_1994"
"1986","1994","L",,"90","90","1986_1994"
"1986","1994","L",,"93","93","1986_1994"
"1986","1994","L",,"97","97","1986_1994"
"1986","1994","L",,"99","99","1986_1994"
"1986","1994","M","011","011","011","1986_1994"
"1986","1994","M","019","019","019","1986_1994"
"1986","1994","M","030","020","020","1986_1994"
"1986","1994","M","041","031","031","1986_1994"
"1986","1994","M","042","032","032","1986_1994"
"1986","1994","M","049","039","039","1986_1994"
"1986","1994","M","051","041","041","1986_1994"
"1986","1994","M","052","042","042","1986_1994"
"1986","1994","M","060","510","510","1986_1994"
"1986","1994","M","071","051","051","1986_1994"
"1986","1994","M","072","052","052","1986_1994"
"1986","1994","M","073","053","053","1986_1994"
"1986","1994","M","074","054","054","1986_1994"
"1986","1994","M","079","059","059","1986_1994"
"1986","1994","M","081","061","061","1986_1994"
"1986","1994","M","082","062","062","1986_1994"
"1986","1994","M","091","071","071","1986_1994"
"1986","1994","M","092","072","072","1986_1994"
"1986","1994","M","093","073","073","1986_1994"
"1986","1994","M","101","081","081","1986_1994"
"1986","1994","M","102","082","082","1986_1994"
"1986","1994","M","103","082","082","1986_1994"
"1986","1994","M","111","091","091","1986_1994"
"1986","1994","M","113","093","093","1986_1994"
"1986","1994","M","115","095","095","1986_1994"
"1986","1994","M","116","096","096","1986_1994"
"1986","1994","M","121","101","101","1986_1994"
"1986","1994","M","122","102","102","1986_1994"
"1986","1994","M","129","109","109","1986_1994"
"1986","1994","M","131","103","103","1986_1994"
"1986","1994","M","132","103","103","1986_1994"
"1986","1994","M","133","103","103","1986_1994"
"1986","1994","M","134","103","103","1986_1994"
"1986","1994","M","140","110","110","1986_1994"
"1986","1994","M","151","121","121","1986_1994"
"1986","1994","M","152","122","122","1986_1994"
"1986","1994","M","160","461","461","1986_1994"
"1986","1994","M","160","462","461","1986_1994"
"1986","1994","M","171","131","131","1986_1994"
"1986","1994","M","172","132","132","1986_1994"
"1986","1994","M","173","141","141","1986_1994"
"1986","1994","M","174","133","133","1986_1994"
"1986","1994","M","174","149","149","1986_1994"
"1986","1994","M","175","134","134","1986_1994"
"1986","1994","M","176","134","134","1986_1994"
"1986","1994","M","177","142","142","1986_1994"
"1986","1994","M","178","135","135","1986_1994"
"1986","1994","M","179","143","143","1986_1994"
"1986","1994","M","180","136","136","1986_1994"
"1986","1994","M","181","144","144","1986_1994"
"1986","1994","M","182","144","144","1986_1994"
"1986","1994","M","182","145","145","1986_1994"
"1986","1994","M","189","139","139","1986_1994"
"1986","1994","M","189","144","144","1986_1994"
"1986","1994","M","189","149","149","1986_1994"
"1986","1994","M","191","151","151","1986_1994"
"1986","1994","M","192","151","151","1986_1994"
"1986","1994","M","193","149","149","1986_1994"
"1986","1994","M","193","152","152","1986_1994"
"1986","1994","M","194","155","155","1986_1994"
"1986","1994","M","199","159","159","1986_1994"
"1986","1994","M","201","161","161","1986_1994"
"1986","1994","M","202","162","162","1986_1994"
"1986","1994","M","209","169","169","1986_1994"
"1986","1994","M","211","131","131","1986_1994"
"1986","1994","M","212","131","131","1986_1994"
"1986","1994","M","213","267","267","1986_1994"
"1986","1994","M","219","131","131","1986_1994"
"1986","1994","M","221","171","171","1986_1994"
"1986","1994","M","222","172","172","1986_1994"
"1986","1994","M","224","174","174","1986_1994"
"1986","1994","M","226","176","176","1986_1994"
"1986","1994","M","227","177","177","1986_1994"
"1986","1994","M","228","178","178","1986_1994"
"1986","1994","M","229","179","179","1986_1994"
"1986","1994","M","241","181","181","1986_1994"
"1986","1994","M","243","182","182","1986_1994"
"1986","1994","M","245","183","183","1986_1994"
"1986","1994","M","249","189","189","1986_1994"
"1986","1994","M","251","191","191","1986_1994"
"1986","1994","M","252","192","192","1986_1994"
"1986","1994","M","254","193","193","1986_1994"
"1986","1994","M","261","201","201","1986_1994"
"1986","1994","M","262","202","202","1986_1994"
"1986","1994","M","263","203","203","1986_1994"
"1986","1994","M","264","204","204","1986_1994"
"1986","1994","M","271","211","211","1986_1994"
"1986","1994","M","273","212","212","1986_1994"
"1986","1994","M","274","213","213","1986_1994"
"1986","1994","M","275","214","214","1986_1994"
"1986","1994","M","279","219","219","1986_1994"
"1986","1994","M","281","221","221","1986_1994"
"1986","1994","M","282","222","222","1986_1994"
"1986","1994","M","283","223","223","1986_1994"
"1986","1994","M","301","241","241","1986_1994"
"1986","1994","M","303","242","242","1986_1994"
"1986","1994","M","305","243","243","1986_1994"
"1986","1994","M","306","244","244","1986_1994"
"1986","1994","M","307","245","245","1986_1994"
"1986","1994","M","309","249","249","1986_1994"
"1986","1994","M","311","431","431","1986_1994"
"1986","1994","M","312","431","431","1986_1994"
"1986","1994","M","313","431","431","1986_1994"
"1986","1994","M","314","431","431","1986_1994"
"1986","1994","M","315","431","431","1986_1994"
"1986","1994","M","316","431","431","1986_1994"
"1986","1994","M","317","431","431","1986_1994"
"1986","1994","M","318","431","431","1986_1994"
"1986","1994","M","319","431","431","1986_1994"
"1986","1994","M","331","441","441","1986_1994"
"1986","1994","M","332","442","442","1986_1994"
"1986","1994","M","333","443","443","1986_1994"
"1986","1994","M","341","251","251","1986_1994"
"1986","1994","M","342","252","252","1986_1994"
"1986","1994","M","351","257","257","1986_1994"
"1986","1994","M","352","451","451","1986_1994"
"1986","1994","M","352","452","452","1986_1994"
"1986","1994","M","353","439","439","1986_1994"
"1986","1994","M","361","261","261","1986_1994"
"1986","1994","M","362","262","262","1986_1994"
"1986","1994","M","363","263","263","1986_1994"
"1986","1994","M","365","265","265","1986_1994"
"1986","1994","M","365","267","267","1986_1994"
"1986","1994","M","366","265","265","1986_1994"
"1986","1994","M","366","265","267","1986_1994"
"1986","1994","M","366","267","267","1986_1994"
"1986","1994","M","372","266","266","1986_1994"
"1986","1994","M","375","267","267","1986_1994"
"1986","1994","M","376","267","267","1986_1994"
"1986","1994","M","377","267","267","1986_1994"
"1986","1994","M","377","268","268","1986_1994"
"1986","1994","M","378","268","268","1986_1994"
"1986","1994","M","381","271","271","1986_1994"
"1986","1994","M","384","272","272","1986_1994"
"1986","1994","M","386","273","273","1986_1994"
"1986","1994","M","387","274","274","1986_1994"
"1986","1994","M","388","275","275","1986_1994"
"1986","1994","M","401","281","281","1986_1994"
"1986","1994","M","402","282","282","1986_1994"
"1986","1994","M","411","291","291","1986_1994"
"1986","1994","M","413","292","292","1986_1994"
"1986","1994","M","414","293","293","1986_1994"
"1986","1994","M","416","294","294","1986_1994"
"1986","1994","M","418","295","295","1986_1994"
"1986","1994","M","421","296","296","1986_1994"
"1986","1994","M","423","297","297","1986_1994"
"1986","1994","M","428","298","298","1986_1994"
"1986","1994","M","429","299","299","1986_1994"
"1986","1994","M","431","301","301","1986_1994"
"1986","1994","M","433","302","302","1986_1994"
"1986","1994","M","435","303","303","1986_1994"
"1986","1994","M","436","304","304","1986_1994"
"1986","1994","M","437","436","436","1986_1994"
"1986","1994","M","438","308","308","1986_1994"
"1986","1994","M","439","305","305","1986_1994"
"1986","1994","M","441","306","306","1986_1994"
"1986","1994","M","442","307","307","1986_1994"
"1986","1994","M","449","309","309","1986_1994"
"1986","1994","M","451","311","311","1986_1994"
"1986","1994","M","452","312","312","1986_1994"
"1986","1994","M","453","313","313","1986_1994"
"1986","1994","M","454","314","314","1986_1994"
"1986","1994","M","455","314","314","1986_1994"
"1986","1994","M","455","435","435","1986_1994"
"1986","1994","M","456","315","315","1986_1994"
"1986","1994","M","457","316","316","1986_1994"
"1986","1994","M","458","317","317","1986_1994"
"1986","1994","M","461","316","316","1986_1994"
"1986","1994","M","462","316","316","1986_1994"
"1986","1994","M","463","318","318","1986_1994"
"1986","1994","M","464","319","319","1986_1994"
"1986","1994","M","469","319","319","1986_1994"
"1986","1994","M","481","321","321","1986_1994"
"1986","1994","M","482","322","322","1986_1994"
"1986","1994","M","483","324","324","1986_1994"
"1986","1994","M","488","326","326","1986_1994"
"1986","1994","M","491","331","331","1986_1994"
"1986","1994","M","493","332","332","1986_1994"
"1986","1994","M","495","333","333","1986_1994"
"1986","1994","M","496","334","334","1986_1994"
"1986","1994","M","497","336","336","1986_1994"
"1986","1994","M","498","338","338","1986_1994"
"1986","1994","M","504","504","504","1986_1994"
"1986","1994","M","511","341","341","1986_1994"
"1986","1994","M","512","342","342","1986_1994"
"1986","1994","M","513","343","343","1986_1994"
"1986","1994","M","514","344","344","1986_1994"
"1986","1994","M","515","345","345","1986_1994"
"1986","1994","M","516","346","346","1986_1994"
"1986","1994","M","517","349","349","1986_1994"
"1986","1994","M","518","347","347","1986_1994"
"1986","1994","M","519","348","348","1986_1994"
"1986","1994","M","521","348","348","1986_1994"
"1986","1994","M","521","435","435","1986_1994"
"1986","1994","M","529","349","349","1986_1994"
"1986","1994","M","531","351","351","1986_1994"
"1986","1994","M","532","352","352","1986_1994"
"1986","1994","M","533","353","353","1986_1994"
"1986","1994","M","534","353","353","1986_1994"
"1986","1994","M","535","354","354","1986_1994"
"1986","1994","M","535","356","356","1986_1994"
"1986","1994","M","536","356","356","1986_1994"
"1986","1994","M","537","357","357","1986_1994"
"1986","1994","M","538","361","361","1986_1994"
"1986","1994","M","538","362","362","1986_1994"
"1986","1994","M","538","363","363","1986_1994"
"1986","1994","M","539","361","361","1986_1994"
"1986","1994","M","539","362","362","1986_1994"
"1986","1994","M","541","361","361","1986_1994"
"1986","1994","M","541","363","363","1986_1994"
"1986","1994","M","542","364","364","1986_1994"
"1986","1994","M","544","367","367","1986_1994"
"1986","1994","M","545","367","367","1986_1994"
"1986","1994","M","546","365","365","1986_1994"
"1986","1994","M","547","425","425","1986_1994"
"1986","1994","M","548","367","367","1986_1994"
"1986","1994","M","548","374","374","1986_1994"
"1986","1994","M","548","425","425","1986_1994"
"1986","1994","M","548","426","426","1986_1994"
"1986","1994","M","551","364","364","1986_1994"
"1986","1994","M","551","367","367","1986_1994"
"1986","1994","M","558","358","358","1986_1994"
"1986","1994","M","558","368","368","1986_1994"
"1986","1994","M","559","359","359","1986_1994"
"1986","1994","M","561","371","371","1986_1994"
"1986","1994","M","562","372","372","1986_1994"
"1986","1994","M","563","373","373","1986_1994"
"1986","1994","M","564","375","375","1986_1994"
"1986","1994","M","565","376","376","1986_1994"
"1986","1994","M","567","377","377","1986_1994"
"1986","1994","M","568","378","378","1986_1994"
"1986","1994","M","569","379","379","1986_1994"
"1986","1994","M","581","401","401","1986_1994"
"1986","1994","M","582","402","402","1986_1994"
"1986","1994","M","584","404","404","1986_1994"
"1986","1994","M","586","406","406","1986_1994"
"1986","1994","M","587","407","407","1986_1994"
"1986","1994","M","588","408","408","1986_1994"
"1986","1994","M","589","409","409","1986_1994"
"1986","1994","M","601","411","411","1986_1994"
"1986","1994","M","603","412","412","1986_1994"
"1986","1994","M","607","413","413","1986_1994"
"1986","1994","M","608","414","414","1986_1994"
"1986","1994","M","611","415","415","1986_1994"
"1986","1994","M","613","416","416","1986_1994"
"1986","1994","M","616","417","417","1986_1994"
"1986","1994","M","618","418","418","1986_1994"
"1986","1994","M","619","419","419","1986_1994"
"1986","1994","M","631","421","421","1986_1994"
"1986","1994","M","631","422","422","1986_1994"
"1986","1994","M","632","421","421","1986_1994"
"1986","1994","M","632","422","422","1986_1994"
"1986","1994","M","633","422","422","1986_1994"
"1986","1994","M","634","423","423","1986_1994"
"1986","1994","M","635","424","424","1986_1994"
"1986","1994","M","636","424","424","1986_1994"
"1986","1994","M","637","424","424","1986_1994"
"1986","1994","M","638","428","428","1986_1994"
"1986","1994","M","661","439","439","1986_1994"
"1986","1994","M","662","435","435","1986_1994"
"1986","1994","M","662","439","435","1986_1994"
"1986","1994","M","671","503","503","1986_1994"
"1986","1994","M","672","503","503","1986_1994"
"1986","1994","M","673","502","502","1986_1994"
"1986","1994","M","674","503","503","1986_1994"
"1986","1994","M","674","504","503","1986_1994"
"1986","1994","M","674","505","503","1986_1994"
"1986","1994","M","675","501","501","1986_1994"
"1986","1994","M","676","506","506","1986_1994"
"1986","1994","M","676","509","506","1986_1994"
"1986","1994","M","677","933","933","1986_1994"
"1986","1994","M","678","509","509","1986_1994"
"1986","1994","M","691","471","471","1986_1994"
"1986","1994","M","691","472","471","1986_1994"
"1986","1994","M","691","473","471","1986_1994"
"1986","1994","M","691","474","471","1986_1994"
"1986","1994","M","691","479","471","1986_1994"
"1986","1994","M","710","482","482","1986_1994"
"1986","1994","M","710","504","482","1986_1994"
"1986","1994","M","731","520","520","1986_1994"
"1986","1994","M","732","531","531","1986_1994"
"1986","1994","M","732","539","539","1986_1994"
"1986","1994","M","732","571","571","1986_1994"
"1986","1994","M","733","540","540","1986_1994"
"1986","1994","M","734","551","551","1986_1994"
"1986","1994","M","734","552","552","1986_1994"
"1986","1994","M","734","553","553","1986_1994"
"1986","1994","M","734","559","559","1986_1994"
"1986","1994","M","734","572","572","1986_1994"
"1986","1994","M","734","573","573","1986_1994"
"1986","1994","M","735","561","561","1986_1994"
"1986","1994","M","735","562","561","1986_1994"
"1986","1994","M","736","575","575","1986_1994"
"1986","1994","M","741","601","601","1986_1994"
"1986","1994","M","742","602","602","1986_1994"
"1986","1994","M","743","603","603","1986_1994"
"1986","1994","M","770","671","679","1986_1994"
"1986","1994","M","770","672","679","1986_1994"
"1986","1994","M","770","679","679","1986_1994"
"1986","1994","M","790","590","590","1986_1994"
"1986","1994","M","800","730","730","1986_1994"
"1986","1994","M","811","751","751","1986_1994"
"1986","1994","M","812","752","752","1986_1994"
"1986","1994","M","813","754","754","1986_1994"
"1986","1994","M","814","755","755","1986_1994"
"1986","1994","M","815","756","756","1986_1994"
"1986","1994","M","819","759","759","1986_1994"
"1986","1994","M","821","800","800","1986_1994"
"1986","1994","M","823","761","761","1986_1994"
"1986","1994","M","824","762","762","1986_1994"
"1986","1994","M","825","763","763","1986_1994"
"1986","1994","M","826","764","764","1986_1994"
"1986","1994","M","827","766","766","1986_1994"
"1986","1994","M","829","769","769","1986_1994"
"1986","1994","M","830","821","822","1986_1994"
"1986","1994","M","830","822","822","1986_1994"
"1986","1994","M","830","829","822","1986_1994"
"1986","1994","M","841","851","851","1986_1994"
"1986","1994","M","842","852","852","1986_1994"
"1986","1994","M","843","851","851","1986_1994"
"1986","1994","M","844","853","853","1986_1994"
"1986","1994","M","845","854","854","1986_1994"
"1986","1994","M","846","855","855","1986_1994"
"1986","1994","M","847","856","856","1986_1994"
"1986","1994","M","849","859","859","1986_1994"
"1986","1994","M","850","860","860","1986_1994"
"1986","1994","M","860","871","871","1986_1994"
"1986","1994","M","860","872","871","1986_1994"
"1986","1994","M","860","879","871","1986_1994"
"1986","1994","M","871","891","891","1986_1994"
"1986","1994","M","872","892","892","1986_1994"
"1986","1994","M","873","893","893","1986_1994"
"1986","1994","M","874","894","894","1986_1994"
"1986","1994","M","875","895","895","1986_1994"
"1986","1994","M","879","899","899","1986_1994"
"1986","1994","M","881","912","912","1986_1994"
"1986","1994","M","882","901","901","1986_1994"
"1986","1994","M","883","902","902","1986_1994"
"1986","1994","M","884","903","903","1986_1994"
"1986","1994","M","885","904","904","1986_1994"
"1986","1994","M","886","906","906","1986_1994"
"1986","1994","M","887","907","907","1986_1994"
"1986","1994","M","889","909","909","1986_1994"
"1986","1994","M","890","911","910","1986_1994"
"1986","1994","M","890","913","910","1986_1994"
"1986","1994","M","901","921","921","1986_1994"
"1986","1994","M","902","922","922","1986_1994"
"1986","1994","M","903","923","923","1986_1994"
"1986","1994","M","911","931","931","1986_1994"
"1986","1994","M","912","932","932","1986_1994"
"1986","1994","M","913","933","933","1986_1994"
"1986","1994","M","914","934","934","1986_1994"
"1986","1994","M","915","935","935","1986_1994"
"1986","1994","M","916","936","936","1986_1994"
"1986","1994","M","917","831","830","1986_1994"
"1986","1994","M","917","832","830","1986_1994"
"1986","1994","M","917","833","830","1986_1994"
"1986","1994","M","917","834","830","1986_1994"
"1986","1994","M","919","939","939","1986_1994"
"1986","1994","M","930","681","680","1986_1994"
"1986","1994","M","930","682","680","1986_1994"
"1986","1994","M","930","683","680","1986_1994"
"1986","1994","M","930","684","680","1986_1994"
"1986","1994","M","930","685","680","1986_1994"
"1986","1994","M","930","686","680","1986_1994"
"1986","1994","M","930","687","680","1986_1994"
"1986","1994","M","940","700","700","1986_1994"
"1986","1994","M","950","940","940","1986_1994"
"1986","1994","M","960","950","950","1986_1994"
"1986","1994","M","970","960","960","1986_1994"
"1986","1994","M","980","991","991","1986_1994"
"1986","1994","M",,"033","033","1986_1994"
"1986","1994","M",,"131","131","1986_1994"
"1986","1994","M",,"135","135","1986_1994"
"1986","1994","M",,"139","139","1986_1994"
"1986","1994","M",,"141","141","1986_1994"
"1986","1994","M",,"143","143","1986_1994"
"1986","1994","M",,"144","144","1986_1994"
"1986","1994","M",,"152","152","1986_1994"
"1986","1994","M",,"195","195","1986_1994"
"1986","1994","M",,"201","201","1986_1994"
"1986","1994","M",,"222","222","1986_1994"
"1986","1994","M",,"231","231","1986_1994"
"1986","1994","M",,"232","232","1986_1994"
"1986","1994","M",,"253","253","1986_1994"
"1986","1994","M",,"265","265","1986_1994"
"1986","1994","M",,"266","266","1986_1994"
"1986","1994","M",,"267","267","1986_1994"
"1986","1994","M",,"268","268","1986_1994"
"1986","1994","M",,"281","281","1986_1994"
"1986","1994","M",,"285","285","1986_1994"
"1986","1994","M",,"313","313","1986_1994"
"1986","1994","M",,"338","338","1986_1994"
"1986","1994","M",,"348","348","1986_1994"
"1986","1994","M",,"361","361","1986_1994"
"1986","1994","M",,"363","363","1986_1994"
"1986","1994","M",,"367","367","1986_1994"
"1986","1994","M",,"368","368","1986_1994"
"1986","1994","M",,"371","371","1986_1994"
"1986","1994","M",,"372","372","1986_1994"
"1986","1994","M",,"373","373","1986_1994"
"1986","1994","M",,"374","374","1986_1994"
"1986","1994","M",,"376","376","1986_1994"
"1986","1994","M",,"377","377","1986_1994"
"1986","1994","M",,"390","390","1986_1994"
"1986","1994","M",,"407","407","1986_1994"
"1986","1994","M",,"421","421","1986_1994"
"1986","1994","M",,"422","422","1986_1994"
"1986","1994","M",,"429","429","1986_1994"
"1986","1994","M",,"481","481","1986_1994"
"1986","1994","M",,"490","490","1986_1994"
"1986","1994","M",,"506","506","1986_1994"
"1986","1994","M",,"509","509","1986_1994"
"1986","1994","M",,"574","574","1986_1994"
"1986","1994","M",,"579","579","1986_1994"
"1986","1994","M",,"580","580","1986_1994"
"1986","1994","M",,"611","611","1986_1994"
"1986","1994","M",,"612","612","1986_1994"
"1986","1994","M",,"613","613","1986_1994"
"1986","1994","M",,"614","614","1986_1994"
"1986","1994","M",,"615","615","1986_1994"
"1986","1994","M",,"616","616","1986_1994"
"1986","1994","M",,"617","617","1986_1994"
"1986","1994","M",,"621","621","1986_1994"
"1986","1994","M",,"622","622","1986_1994"
"1986","1994","M",,"623","623","1986_1994"
"1986","1994","M",,"624","624","1986_1994"
"1986","1994","M",,"625","625","1986_1994"
"1986","1994","M",,"626","626","1986_1994"
"1986","1994","M",,"627","627","1986_1994"
"1986","1994","M",,"628","628","1986_1994"
"1986","1994","M",,"629","629","1986_1994"
"1986","1994","M",,"631","631","1986_1994"
"1986","1994","M",,"632","632","1986_1994"
"1986","1994","M",,"633","633","1986_1994"
"1986","1994","M",,"639","639","1986_1994"
"1986","1994","M",,"641","641","1986_1994"
"1986","1994","M",,"642","642","1986_1994"
"1986","1994","M",,"643","643","1986_1994"
"1986","1994","M",,"644","644","1986_1994"
"1986","1994","M",,"645","645","1986_1994"
"1986","1994","M",,"647","647","1986_1994"
"1986","1994","M",,"648","648","1986_1994"
"1986","1994","M",,"649","649","1986_1994"
"1986","1994","M",,"650","650","1986_1994"
"1986","1994","M",,"720","720","1986_1994"
"1986","1994","M",,"740","740","1986_1994"
"1986","1994","M",,"753","753","1986_1994"
"1986","1994","M",,"765","765","1986_1994"
"1986","1994","M",,"767","767","1986_1994"
"1986","1994","M",,"768","768","1986_1994"
"1986","1994","M",,"780","780","1986_1994"
"1986","1994","M",,"790","790","1986_1994"
"1986","1994","M",,"800","800","1986_1994"
"1986","1994","M",,"810","810","1986_1994"
"1986","1994","M",,"841","841","1986_1994"
"1986","1994","M",,"849","849","1986_1994"
"1986","1994","M",,"905","905","1986_1994"
"1986","1994","M",,"908","908","1986_1994"
"1986","1994","M",,"937","937","1986_1994"
"1986","1994","M",,"938","938","1986_1994"
"1986","1994","M",,"971","971","1986_1994"
"1986","1994","M",,"972","972","1986_1994"
"1986","1994","M",,"991","991","1986_1994"
"1986","1994","M",,"992","992","1986_1994"
"1986","1994","S","0110","0110","0110","1986_1994"
"1986","1994","S","0190","0190","0190","1986_1994"
"1986","1994","S","0300","0200","0200","1986_1994"
"1986","1994","S","0410","0310","0310","1986_1994"
"1986","1994","S","0420","0320","0320","1986_1994"
"1986","1994","S","0490","0390","0390","1986_1994"
"1986","1994","S","0511","0411","0411","1986_1994"
"1986","1994","S","0512","0412","0412","1986_1994"
"1986","1994","S","0521","0421","0421","1986_1994"
"1986","1994","S","0522","0422","0422","1986_1994"
"1986","1994","S","0600","5100","5100","1986_1994"
"1986","1994","S","0710","0510","0510","1986_1994"
"1986","1994","S","0720","0520","0520","1986_1994"
"1986","1994","S","0730","0530","0530","1986_1994"
"1986","1994","S","0740","0540","0540","1986_1994"
"1986","1994","S","0790","0590","0590","1986_1994"
"1986","1994","S","0810","0610","0610","1986_1994"
"1986","1994","S","0820","0620","0620","1986_1994"
"1986","1994","S","0910","0710","0710","1986_1994"
"1986","1994","S","0920","0720","0720","1986_1994"
"1986","1994","S","0930","0730","0730","1986_1994"
"1986","1994","S","1010","0810","0810","1986_1994"
"1986","1994","S","1020","0821","0821","1986_1994"
"1986","1994","S","1030","0822","0822","1986_1994"
"1986","1994","S","1111","0911","0911","1986_1994"
"1986","1994","S","1112","0912","0912","1986_1994"
"1986","1994","S","1114","0914","0914","1986_1994"
"1986","1994","S","1115","0915","0915","1986_1994"
"1986","1994","S","1116","0916","0916","1986_1994"
"1986","1994","S","1117","0917","0917","1986_1994"
"1986","1994","S","1119","0919","0919","1986_1994"
"1986","1994","S","1131","0931","0931","1986_1994"
"1986","1994","S","1132","0932","0932","1986_1994"
"1986","1994","S","1133","0933","0933","1986_1994"
"1986","1994","S","1139","0939","0939","1986_1994"
"1986","1994","S","1151","0951","0951","1986_1994"
"1986","1994","S","1152","0952","0952","1986_1994"
"1986","1994","S","1159","0959","0959","1986_1994"
"1986","1994","S","1161","0961","0961_0962_0963_0964_0965_0966","1986_1994"
"1986","1994","S","1161","0962","0961_0962_0963_0964_0965_0966","1986_1994"
"1986","1994","S","1161","0963","0961_0962_0963_0964_0965_0966","1986_1994"
"1986","1994","S","1161","0964","0961_0962_0963_0964_0965_0966","1986_1994"
"1986","1994","S","1161","0965","0961_0962_0963_0964_0965_0966","1986_1994"
"1986","1994","S","1161","0966","0961_0962_0963_0964_0965_0966","1986_1994"
"1986","1994","S","1169","0969","0969","1986_1994"
"1986","1994","S","1211","1011","1011_1012","1986_1994"
"1986","1994","S","1211","1012","1011_1012","1986_1994"
"1986","1994","S","1212","1013","1013","1986_1994"
"1986","1994","S","1219","1019","1019","1986_1994"
"1986","1994","S","1221","1021","1021","1986_1994"
"1986","1994","S","1222","1022","1022","1986_1994"
"1986","1994","S","1223","1023","1023","1986_1994"
"1986","1994","S","1224","1024","1024","1986_1994"
"1986","1994","S","1229","1029","1029","1986_1994"
"1986","1994","S","1291","1091","1091","1986_1994"
"1986","1994","S","1292","1092","1092","1986_1994"
"1986","1994","S","1293","1093","1093","1986_1994"
"1986","1994","S","1294","1094","1094","1986_1994"
"1986","1994","S","1295","1095","1095","1986_1994"
"1986","1994","S","1296","1096","1096","1986_1994"
"1986","1994","S","1299","1097","1097_1099","1986_1994"
"1986","1994","S","1299","1099","1097_1099","1986_1994"
"1986","1994","S","1310","1031","1031","1986_1994"
"1986","1994","S","1320","1032","1032","1986_1994"
"1986","1994","S","1330","1033","1033","1986_1994"
"1986","1994","S","1340","1034","1034","1986_1994"
"1986","1994","S","1400","1100","1100","1986_1994"
"1986","1994","S","1510","1210","1210","1986_1994"
"1986","1994","S","1520","1220","1220","1986_1994"
"1986","1994","S","1600","4610","4610_4620","1986_1994"
"1986","1994","S","1600","4620","4610_4620","1986_1994"
"1986","1994","S","1711","1311","1311","1986_1994"
"1986","1994","S","1712","1312","1312","1986_1994"
"1986","1994","S","1713","1313","1313","1986_1994"
"1986","1994","S","1721","1321","1321","1986_1994"
"1986","1994","S","1722","1322","1322","1986_1994"
"1986","1994","S","1731","1411","1411","1986_1994"
"1986","1994","S","1733","1412","1412","1986_1994"
"1986","1994","S","1734","1414","1414","1986_1994"
"1986","1994","S","1739","1419","1419","1986_1994"
"1986","1994","S","1741","1331","1331","1986_1994"
"1986","1994","S","1742","1332","1332","1986_1994"
"1986","1994","S","1743","1497","1497","1986_1994"
"1986","1994","S","1744","1334","1334","1986_1994"
"1986","1994","S","1751","1341","1341","1986_1994"
"1986","1994","S","1752","1342","1342_1343","1986_1994"
"1986","1994","S","1752","1343","1342_1343","1986_1994"
"1986","1994","S","1760","1344","1344","1986_1994"
"1986","1994","S","1770","1420","1420","1986_1994"
"1986","1994","S","1780","1350","1350","1986_1994"
"1986","1994","S","1791","1431","1431","1986_1994"
"1986","1994","S","1792","1433","1433","1986_1994"
"1986","1994","S","1793","1434","1434","1986_1994"
"1986","1994","S","1799","1439","1439","1986_1994"
"1986","1994","S","1800","1360","1360","1986_1994"
"1986","1994","S","1811","1441","1441","1986_1994"
"1986","1994","S","1812","1443","1443","1986_1994"
"1986","1994","S","1821","1442","1442","1986_1994"
"1986","1994","S","1829","1451","1451_1452_1453_1454_1459","1986_1994"
"1986","1994","S","1829","1452","1451_1452_1453_1454_1459","1986_1994"
"1986","1994","S","1829","1453","1451_1452_1453_1454_1459","1986_1994"
"1986","1994","S","1829","1454","1451_1452_1453_1454_1459","1986_1994"
"1986","1994","S","1829","1459","1451_1452_1453_1454_1459","1986_1994"
"1986","1994","S","1891","1491","1491","1986_1994"
"1986","1994","S","1892","1492","1492","1986_1994"
"1986","1994","S","1893","1493","1493","1986_1994"
"1986","1994","S","1894","1444","1444","1986_1994"
"1986","1994","S","1895","1445","1445","1986_1994"
"1986","1994","S","1896","1390","1390","1986_1994"
"1986","1994","S","1897","1495","1495","1986_1994"
"1986","1994","S","1899","1499","1499","1986_1994"
"1986","1994","S","1911","1512","1512","1986_1994"
"1986","1994","S","1912","1514","1514","1986_1994"
"1986","1994","S","1913","1513","1513","1986_1994"
"1986","1994","S","1914","1515","1515","1986_1994"
"1986","1994","S","1919","1516","1516","1986_1994"
"1986","1994","S","1920","1511","1511","1986_1994"
"1986","1994","S","1931","1521","1521","1986_1994"
"1986","1994","S","1932","1523","1523","1986_1994"
"1986","1994","S","1933","1524","1524","1986_1994"
"1986","1994","S","1934","1498","1498","1986_1994"
"1986","1994","S","1939","1529","1529","1986_1994"
"1986","1994","S","1940","1550","1550","1986_1994"
"1986","1994","S","1990","1590","1590","1986_1994"
"1986","1994","S","2010","1610","1610","1986_1994"
"1986","1994","S","2020","1620","1620","1986_1994"
"1986","1994","S","2090","1690","1690","1986_1994"
"1986","1994","S","2110","1314","1314","1986_1994"
"1986","1994","S","2120","1315","1315","1986_1994"
"1986","1994","S","2130","2677","2677","1986_1994"
"1986","1994","S","2190","1317","1319_1317","1986_1994"
"1986","1994","S","2190","1319","1319_1317","1986_1994"
"1986","1994","S","2211","1711","1711","1986_1994"
"1986","1994","S","2212","1712","1712","1986_1994"
"1986","1994","S","2219","1713","1713_1714_1719","1986_1994"
"1986","1994","S","2219","1714","1713_1714_1719","1986_1994"
"1986","1994","S","2219","1719","1713_1714_1719","1986_1994"
"1986","1994","S","2221","1721","1721","1986_1994"
"1986","1994","S","2222","1722","1722","1986_1994"
"1986","1994","S","2223","1723","1723","1986_1994"
"1986","1994","S","2224","1724","1724","1986_1994"
"1986","1994","S","2225","1725","1725","1986_1994"
"1986","1994","S","2226","1726","1726","1986_1994"
"1986","1994","S","2229","1729","1729","1986_1994"
"1986","1994","S","2241","1741","1741","1986_1994"
"1986","1994","S","2242","1742","1742","1986_1994"
"1986","1994","S","2243","1743","1743","1986_1994"
"1986","1994","S","2244","1744","1744","1986_1994"
"1986","1994","S","2245","1745","1745","1986_1994"
"1986","1994","S","2249","1749","1749","1986_1994"
"1986","1994","S","2261","1761","1761","1986_1994"
"1986","1994","S","2262","1762","1762","1986_1994"
"1986","1994","S","2263","1763","1763","1986_1994"
"1986","1994","S","2269","1769","1769","1986_1994"
"1986","1994","S","2271","1771","1771","1986_1994"
"1986","1994","S","2272","1772","1772","1986_1994"
"1986","1994","S","2273","1773","1773","1986_1994"
"1986","1994","S","2274","1774","1774","1986_1994"
"1986","1994","S","2275","1775","1775","1986_1994"
"1986","1994","S","2279","1779","1779","1986_1994"
"1986","1994","S","2281","1781","1781","1986_1994"
"1986","1994","S","2282","1782","1782","1986_1994"
"1986","1994","S","2283","1783","1783","1986_1994"
"1986","1994","S","2289","1789","1789","1986_1994"
"1986","1994","S","2290","1790","1790","1986_1994"
"1986","1994","S","2410","1810","1810","1986_1994"
"1986","1994","S","2430","1820","1820","1986_1994"
"1986","1994","S","2450","1830","1830","1986_1994"
"1986","1994","S","2490","1890","1890","1986_1994"
"1986","1994","S","2511","1911","1911","1986_1994"
"1986","1994","S","2512","1912","1912","1986_1994"
"1986","1994","S","2519","1919","1919","1986_1994"
"1986","1994","S","2521","1921","1921","1986_1994"
"1986","1994","S","2523","1923","1923","1986_1994"
"1986","1994","S","2524","1924","1924_1925","1986_1994"
"1986","1994","S","2524","1925","1924_1925","1986_1994"
"1986","1994","S","2529","1929","1929","1986_1994"
"1986","1994","S","2541","1931","1931","1986_1994"
"1986","1994","S","2542","1932","1932_1939","1986_1994"
"1986","1994","S","2542","1939","1932_1939","1986_1994"
"1986","1994","S","2610","2010","2010","1986_1994"
"1986","1994","S","2621","2021","2021","1986_1994"
"1986","1994","S","2622","2022","2022","1986_1994"
"1986","1994","S","2623","2023","2023","1986_1994"
"1986","1994","S","2629","2029","2029","1986_1994"
"1986","1994","S","2631","2031","2031","1986_1994"
"1986","1994","S","2633","2033","2033","1986_1994"
"1986","1994","S","2640","2040","2040","1986_1994"
"1986","1994","S","2710","2110","2110","1986_1994"
"1986","1994","S","2730","2120","2120","1986_1994"
"1986","1994","S","2740","2130","2130","1986_1994"
"1986","1994","S","2750","2140","2140","1986_1994"
"1986","1994","S","2790","2190","2190","1986_1994"
"1986","1994","S","2810","2210","2210","1986_1994"
"1986","1994","S","2821","2221","2221","1986_1994"
"1986","1994","S","2823","2221","2221","1986_1994"
"1986","1994","S","2824","2224","2224","1986_1994"
"1986","1994","S","2830","2230","2230","1986_1994"
"1986","1994","S","3011","2411","2411","1986_1994"
"1986","1994","S","3013","2413","2413","1986_1994"
"1986","1994","S","3015","2415","2415","1986_1994"
"1986","1994","S","3017","2417","2417","1986_1994"
"1986","1994","S","3019","2419","2419","1986_1994"
"1986","1994","S","3031","2421","2421","1986_1994"
"1986","1994","S","3033","2423","2423","1986_1994"
"1986","1994","S","3039","2429","2429","1986_1994"
"1986","1994","S","3051","2431","2431","1986_1994"
"1986","1994","S","3053","2433","2433_2435","1986_1994"
"1986","1994","S","3053","2435","2433_2435","1986_1994"
"1986","1994","S","3059","2439","2439","1986_1994"
"1986","1994","S","3060","2440","2440","1986_1994"
"1986","1994","S","3070","2450","2450","1986_1994"
"1986","1994","S","3090","2490","2490","1986_1994"
"1986","1994","S","3110","4311","4311","1986_1994"
"1986","1994","S","3120","4312","4312","1986_1994"
"1986","1994","S","3130","4313","4313","1986_1994"
"1986","1994","S","3140","4314","4314","1986_1994"
"1986","1994","S","3150","4315","4315","1986_1994"
"1986","1994","S","3160","4316","4316","1986_1994"
"1986","1994","S","3170","4317","4317","1986_1994"
"1986","1994","S","3180","4318","4318","1986_1994"
"1986","1994","S","3190","4319","4319","1986_1994"
"1986","1994","S","3191","4319","4319","1986_1994"
"1986","1994","S","3192","4319","4319","1986_1994"
"1986","1994","S","3193","4319","4319","1986_1994"
"1986","1994","S","3194","4319","4319","1986_1994"
"1986","1994","S","3195","4319","4319","1986_1994"
"1986","1994","S","3199","4319","4319","1986_1994"
"1986","1994","S","3311","4411","4411","1986_1994"
"1986","1994","S","3312","4412","4412","1986_1994"
"1986","1994","S","3313","4413","4413","1986_1994"
"1986","1994","S","3319","4419","4419","1986_1994"
"1986","1994","S","3320","4420","4420","1986_1994"
"1986","1994","S","3330","4430","4430","1986_1994"
"1986","1994","S","3410","2510","2510","1986_1994"
"1986","1994","S","3420","2520","2520","1986_1994"
"1986","1994","S","3510","2570","2570","1986_1994"
"1986","1994","S","3521","4510","4510","1986_1994"
"1986","1994","S","3522","4520","4520","1986_1994"
"1986","1994","S","3530","4392","4392","1986_1994"
"1986","1994","S","3611","2611","2611","1986_1994"
"1986","1994","S","3613","2613","2613_2615","1986_1994"
"1986","1994","S","3613","2615","2613_2615","1986_1994"
"1986","1994","S","3615","2617","2617","1986_1994"
"1986","1994","S","3619","2619","2619","1986_1994"
"1986","1994","S","3621","2621","2621","1986_1994"
"1986","1994","S","3622","2622","2622","1986_1994"
"1986","1994","S","3623","2623","2623","1986_1994"
"1986","1994","S","3624","2624","2624","1986_1994"
"1986","1994","S","3625","2625","2625","1986_1994"
"1986","1994","S","3629","2629","2629","1986_1994"
"1986","1994","S","3631","2631","2631","1986_1994"
"1986","1994","S","3633","2633","2633","1986_1994"
"1986","1994","S","3651","2651","2651","1986_1994"
"1986","1994","S","3653","2652","2652_2653_2654","1986_1994"
"1986","1994","S","3653","2653","2652_2653_2654","1986_1994"
"1986","1994","S","3653","2654","2652_2653_2654","1986_1994"
"1986","1994","S","3655","2655","2655","1986_1994"
"1986","1994","S","3656","2671","2671","1986_1994"
"1986","1994","S","3658","2671","2671","1986_1994"
"1986","1994","S","3661","2659","2659","1986_1994"
"1986","1994","S","3662","2675","2675","1986_1994"
"1986","1994","S","3669","2659","2659_2672_2676","1986_1994"
"1986","1994","S","3669","2672","2659_2672_2676","1986_1994"
"1986","1994","S","3669","2676","2659_2672_2676","1986_1994"
"1986","1994","S","3723","2666","2666","1986_1994"
"1986","1994","S","3725","2667","2667","1986_1994"
"1986","1994","S","3729","2669","2669","1986_1994"
"1986","1994","S","3750","2673","2673","1986_1994"
"1986","1994","S","3760","2674","2674","1986_1994"
"1986","1994","S","3771","2675","2675","1986_1994"
"1986","1994","S","3772","2681","2681","1986_1994"
"1986","1994","S","3773","2681","2681","1986_1994"
"1986","1994","S","3774","2682","2682","1986_1994"
"1986","1994","S","3775","2683","2683","1986_1994"
"1986","1994","S","3777","2684","2684","1986_1994"
"1986","1994","S","3778","2685","2685","1986_1994"
"1986","1994","S","3779","2686","2686","1986_1994"
"1986","1994","S","3781","2687","2687","1986_1994"
"1986","1994","S","3782","2688","2688","1986_1994"
"1986","1994","S","3789","2689","2689","1986_1994"
"1986","1994","S","3810","2710","2710","1986_1994"
"1986","1994","S","3840","2720","2720","1986_1994"
"1986","1994","S","3860","2730","2730","1986_1994"
"1986","1994","S","3870","2740","2740","1986_1994"
"1986","1994","S","3880","2750","2750","1986_1994"
"1986","1994","S","4011","2811","2811","1986_1994"
"1986","1994","S","4012","2812","2812","1986_1994"
"1986","1994","S","4021","2821","2821","1986_1994"
"1986","1994","S","4022","2822","2822","1986_1994"
"1986","1994","S","4023","2823","2823","1986_1994"
"1986","1994","S","4024","2824","2824","1986_1994"
"1986","1994","S","4029","2829","2829","1986_1994"
"1986","1994","S","4110","2910","2910","1986_1994"
"1986","1994","S","4130","2920","2920","1986_1994"
"1986","1994","S","4140","2930","2930","1986_1994"
"1986","1994","S","4160","2940","2940","1986_1994"
"1986","1994","S","4180","2950","2950","1986_1994"
"1986","1994","S","4210","2960","2960","1986_1994"
"1986","1994","S","4230","2970","2970","1986_1994"
"1986","1994","S","4281","2981","2981","1986_1994"
"1986","1994","S","4289","2989","2989","1986_1994"
"1986","1994","S","4290","2990","2990","1986_1994"
"1986","1994","S","4310","3010","3010","1986_1994"
"1986","1994","S","4330","3020","3020","1986_1994"
"1986","1994","S","4350","3030","3030","1986_1994"
"1986","1994","S","4360","3040","3040","1986_1994"
"1986","1994","S","4370","4360","4360","1986_1994"
"1986","1994","S","4380","3080","3080","1986_1994"
"1986","1994","S","4390","3050","3050","1986_1994"
"1986","1994","S","4410","3060","3060","1986_1994"
"1986","1994","S","4420","3070","3070","1986_1994"
"1986","1994","S","4490","3090","3090","1986_1994"
"1986","1994","S","4510","3110","3110","1986_1994"
"1986","1994","S","4521","3121","3121","1986_1994"
"1986","1994","S","4523","3123","3123","1986_1994"
"1986","1994","S","4524","3124","3124","1986_1994"
"1986","1994","S","4529","3129","3129","1986_1994"
"1986","1994","S","4531","3131","3131","1986_1994"
"1986","1994","S","4532","3132","3132","1986_1994"
"1986","1994","S","4533","3133","3133","1986_1994"
"1986","1994","S","4534","3134","3134","1986_1994"
"1986","1994","S","4535","3135","3135","1986_1994"
"1986","1994","S","4539","3139","3139","1986_1994"
"1986","1994","S","4541","3141","3141","1986_1994"
"1986","1994","S","4542","3142","3142","1986_1994"
"1986","1994","S","4543","3143","3143","1986_1994"
"1986","1994","S","4545","3145","3145","1986_1994"
"1986","1994","S","4547","3147","3147","1986_1994"
"1986","1994","S","4551","3148","3148","1986_1994"
"1986","1994","S","4552","4351","4351","1986_1994"
"1986","1994","S","4553","4353","4353","1986_1994"
"1986","1994","S","4559","3149","3149","1986_1994"
"1986","1994","S","4561","3151","3151","1986_1994"
"1986","1994","S","4563","3153","3153","1986_1994"
"1986","1994","S","4565","3155","3155","1986_1994"
"1986","1994","S","4569","3159","3159","1986_1994"
"1986","1994","S","4570","3169","3169","1986_1994"
"1986","1994","S","4581","3171","3171","1986_1994"
"1986","1994","S","4582","3172","3172","1986_1994"
"1986","1994","S","4589","3179","3179","1986_1994"
"1986","1994","S","4610","3161","3161","1986_1994"
"1986","1994","S","4620","3163","3163","1986_1994"
"1986","1994","S","4631","3181","3181","1986_1994"
"1986","1994","S","4639","3182","3182_3189","1986_1994"
"1986","1994","S","4639","3189","3182_3189","1986_1994"
"1986","1994","S","4640","3190","3190","1986_1994"
"1986","1994","S","4690","3190","3190","1986_1994"
"1986","1994","S","4810","3210","3210","1986_1994"
"1986","1994","S","4820","3220","3220","1986_1994"
"1986","1994","S","4830","3240","3240","1986_1994"
"1986","1994","S","4880","3260","3260","1986_1994"
"1986","1994","S","4911","3311","3311","1986_1994"
"1986","1994","S","4912","3312","3312","1986_1994"
"1986","1994","S","4914","3314","3314","1986_1994"
"1986","1994","S","4916","3316","3316","1986_1994"
"1986","1994","S","4917","3317","3317","1986_1994"
"1986","1994","S","4918","3318","3318","1986_1994"
"1986","1994","S","4919","3319","3319","1986_1994"
"1986","1994","S","4931","3321","3321","1986_1994"
"1986","1994","S","4932","3322","3322","1986_1994"
"1986","1994","S","4933","3323","3323","1986_1994"
"1986","1994","S","4939","3329","3329","1986_1994"
"1986","1994","S","4951","3331","3331","1986_1994"
"1986","1994","S","4952","3332","3332","1986_1994"
"1986","1994","S","4959","3339","3339","1986_1994"
"1986","1994","S","4961","3341","3341","1986_1994"
"1986","1994","S","4969","3349","3349","1986_1994"
"1986","1994","S","4970","3360","3360","1986_1994"
"1986","1994","S","4980","3380","3380","1986_1994"
"1986","1994","S","5040","5040","5040","1986_1994"
"1986","1994","S","5110","3410","3410","1986_1994"
"1986","1994","S","5120","3420","3420","1986_1994"
"1986","1994","S","5131","3431","3431","1986_1994"
"1986","1994","S","5134","3434","3434","1986_1994"
"1986","1994","S","5135","3435","3435","1986_1994"
"1986","1994","S","5139","3439","3439","1986_1994"
"1986","1994","S","5141","3441","3441","1986_1994"
"1986","1994","S","5142","3442","3442","1986_1994"
"1986","1994","S","5150","3450","3450","1986_1994"
"1986","1994","S","5161","3461","3461","1986_1994"
"1986","1994","S","5163","3463","3463","1986_1994"
"1986","1994","S","5165","3465","3465","1986_1994"
"1986","1994","S","5169","3469","3469","1986_1994"
"1986","1994","S","5171","3491","3491","1986_1994"
"1986","1994","S","5180","3470","3470","1986_1994"
"1986","1994","S","5191","3481","3481","1986_1994"
"1986","1994","S","5193","3482","3482","1986_1994"
"1986","1994","S","5195","3483","3483","1986_1994"
"1986","1994","S","5197","3484","3484","1986_1994"
"1986","1994","S","5198","3485","3485","1986_1994"
"1986","1994","S","5211","3486","3486","1986_1994"
"1986","1994","S","5213","3488","3488","1986_1994"
"1986","1994","S","5215","4355","4355","1986_1994"
"1986","1994","S","5219","3489","3489","1986_1994"
"1986","1994","S","5291","3495","3495","1986_1994"
"1986","1994","S","5299","3499","3499","1986_1994"
"1986","1994","S","5311","3511","3511","1986_1994"
"1986","1994","S","5312","3512","3512","1986_1994"
"1986","1994","S","5313","3513","3513","1986_1994"
"1986","1994","S","5314","3514","3514","1986_1994"
"1986","1994","S","5315","3515","3515","1986_1994"
"1986","1994","S","5319","3519","3519","1986_1994"
"1986","1994","S","5321","3521","3521","1986_1994"
"1986","1994","S","5323","3523","3523","1986_1994"
"1986","1994","S","5325","3525","3525","1986_1994"
"1986","1994","S","5326","3526","3526","1986_1994"
"1986","1994","S","5329","3529","3529","1986_1994"
"1986","1994","S","5331","3531","3531","1986_1994"
"1986","1994","S","5333","3532","3532","1986_1994"
"1986","1994","S","5335","3533","3533","1986_1994"
"1986","1994","S","5337","3534","3534","1986_1994"
"1986","1994","S","5339","3535","3535","1986_1994"
"1986","1994","S","5341","3536","3536","1986_1994"
"1986","1994","S","5343","3537","3537","1986_1994"
"1986","1994","S","5345","3538","3538","1986_1994"
"1986","1994","S","5349","3539","3539","1986_1994"
"1986","1994","S","5351","3541","3541","1986_1994"
"1986","1994","S","5352","3542","3542","1986_1994"
"1986","1994","S","5353","3561","3561","1986_1994"
"1986","1994","S","5355","3562","3562","1986_1994"
"1986","1994","S","5356","3563","3563","1986_1994"
"1986","1994","S","5357","3564","3564","1986_1994"
"1986","1994","S","5358","3565","3565","1986_1994"
"1986","1994","S","5359","3566","3566","1986_1994"
"1986","1994","S","5361","3567","3567","1986_1994"
"1986","1994","S","5362","3568","3568","1986_1994"
"1986","1994","S","5369","3569","3569","1986_1994"
"1986","1994","S","5371","3571","3571","1986_1994"
"1986","1994","S","5372","3572","3572","1986_1994"
"1986","1994","S","5381","3611","3611","1986_1994"
"1986","1994","S","5382","3631","3631","1986_1994"
"1986","1994","S","5384","3632","3632","1986_1994"
"1986","1994","S","5385","3633","3633","1986_1994"
"1986","1994","S","5386","3635","3635","1986_1994"
"1986","1994","S","5388","3638","3638","1986_1994"
"1986","1994","S","5389","3627","3627","1986_1994"
"1986","1994","S","5391","3628","3628","1986_1994"
"1986","1994","S","5392","3621","3621","1986_1994"
"1986","1994","S","5393","3622","3622","1986_1994"
"1986","1994","S","5394","3623","3623","1986_1994"
"1986","1994","S","5395","3624","3624","1986_1994"
"1986","1994","S","5396","3625","3625","1986_1994"
"1986","1994","S","5397","3626","3626","1986_1994"
"1986","1994","S","5398","3629","3629","1986_1994"
"1986","1994","S","5399","3613","3613","1986_1994"
"1986","1994","S","5411","3615","3615","1986_1994"
"1986","1994","S","5412","3617","3617","1986_1994"
"1986","1994","S","5419","3635","3635_3636_3637_3639","1986_1994"
"1986","1994","S","5419","3636","3635_3636_3637_3639","1986_1994"
"1986","1994","S","5419","3637","3635_3636_3637_3639","1986_1994"
"1986","1994","S","5419","3639","3635_3636_3637_3639","1986_1994"
"1986","1994","S","5421","3641","3641","1986_1994"
"1986","1994","S","5422","3642","3642","1986_1994"
"1986","1994","S","5424","3642","3642","1986_1994"
"1986","1994","S","5425","3643","3643","1986_1994"
"1986","1994","S","5426","3644","3644","1986_1994"
"1986","1994","S","5427","3645","3645","1986_1994"
"1986","1994","S","5428","3647","3647","1986_1994"
"1986","1994","S","5429","3649","3649","1986_1994"
"1986","1994","S","5440","3671","3671","1986_1994"
"1986","1994","S","5441","3671","3671","1986_1994"
"1986","1994","S","5442","3671","3671","1986_1994"
"1986","1994","S","5443","3671","3671","1986_1994"
"1986","1994","S","5449","3671","3671","1986_1994"
"1986","1994","S","5450","3672","3672","1986_1994"
"1986","1994","S","5460","3650","3650_3651_3652_3653_3654_3655","1986_1994"
"1986","1994","S","5460","3651","3650_3651_3652_3653_3654_3655","1986_1994"
"1986","1994","S","5460","3652","3650_3651_3652_3653_3654_3655","1986_1994"
"1986","1994","S","5460","3653","3650_3651_3652_3653_3654_3655","1986_1994"
"1986","1994","S","5460","3654","3650_3651_3652_3653_3654_3655","1986_1994"
"1986","1994","S","5460","3655","3650_3651_3652_3653_3654_3655","1986_1994"
"1986","1994","S","5471","4251","4251","1986_1994"
"1986","1994","S","5472","4252","4252","1986_1994"
"1986","1994","S","5474","4256","4256","1986_1994"
"1986","1994","S","5475","4257","4257","1986_1994"
"1986","1994","S","5479","4259","4259","1986_1994"
"1986","1994","S","5481","3740","3740","1986_1994"
"1986","1994","S","5482","3674","3674","1986_1994"
"1986","1994","S","5483","4260","4260","1986_1994"
"1986","1994","S","5484","4254","4254","1986_1994"
"1986","1994","S","5511","3675","3675","1986_1994"
"1986","1994","S","5512","3676","3676","1986_1994"
"1986","1994","S","5513","3646","3646","1986_1994"
"1986","1994","S","5514","3677","3677","1986_1994"
"1986","1994","S","5515","3678","3678","1986_1994"
"1986","1994","S","5519","3679","3679","1986_1994"
"1986","1994","S","5580","3580","3580","1986_1994"
"1986","1994","S","5581","3681","3681","1986_1994"
"1986","1994","S","5583","3683","3683","1986_1994"
"1986","1994","S","5585","3689","3689","1986_1994"
"1986","1994","S","5590","3590","3590","1986_1994"
"1986","1994","S","5611","3711","3711","1986_1994"
"1986","1994","S","5612","3712","3712","1986_1994"
"1986","1994","S","5613","3713","3713","1986_1994"
"1986","1994","S","5614","3717","3717","1986_1994"
"1986","1994","S","5619","3719","3719","1986_1994"
"1986","1994","S","5621","3721","3721","1986_1994"
"1986","1994","S","5623","3722","3722","1986_1994"
"1986","1994","S","5624","3723","3723","1986_1994"
"1986","1994","S","5626","3725","3725","1986_1994"
"1986","1994","S","5627","3727","3727","1986_1994"
"1986","1994","S","5630","3730","3730","1986_1994"
"1986","1994","S","5640","3750","3750","1986_1994"
"1986","1994","S","5650","3760","3760","1986_1994"
"1986","1994","S","5670","3771","3771","1986_1994"
"1986","1994","S","5681","3781","3781","1986_1994"
"1986","1994","S","5682","3782","3782","1986_1994"
"1986","1994","S","5683","3784","3784","1986_1994"
"1986","1994","S","5684","3785","3785","1986_1994"
"1986","1994","S","5685","3786","3786","1986_1994"
"1986","1994","S","5689","3783","3783_3789","1986_1994"
"1986","1994","S","5689","3789","3783_3789","1986_1994"
"1986","1994","S","5690","3791","3791_3792_3793","1986_1994"
"1986","1994","S","5690","3792","3791_3792_3793","1986_1994"
"1986","1994","S","5690","3793","3791_3792_3793","1986_1994"
"1986","1994","S","5811","4011","4011","1986_1994"
"1986","1994","S","5812","4012","4012","1986_1994"
"1986","1994","S","5813","4013","4013","1986_1994"
"1986","1994","S","5821","4021","4021","1986_1994"
"1986","1994","S","5822","4022","4022","1986_1994"
"1986","1994","S","5823","4023","4023","1986_1994"
"1986","1994","S","5824","4024","4024","1986_1994"
"1986","1994","S","5827","4027","4027","1986_1994"
"1986","1994","S","5829","4029","4029","1986_1994"
"1986","1994","S","5841","4041","4041","1986_1994"
"1986","1994","S","5843","4043","4043","1986_1994"
"1986","1994","S","5845","4045","4045","1986_1994"
"1986","1994","S","5846","4046","4046","1986_1994"
"1986","1994","S","5849","4049","4049","1986_1994"
"1986","1994","S","5861","4061","4061","1986_1994"
"1986","1994","S","5862","4063","4063","1986_1994"
"1986","1994","S","5863","4064","4064","1986_1994"
"1986","1994","S","5864","4065","4065","1986_1994"
"1986","1994","S","5869","4062","4062_4066_4069","1986_1994"
"1986","1994","S","5869","4066","4062_4066_4069","1986_1994"
"1986","1994","S","5869","4069","4062_4066_4069","1986_1994"
"1986","1994","S","5871","4071","4071","1986_1994"
"1986","1994","S","5872","4072","4072","1986_1994"
"1986","1994","S","5873","4073","4073","1986_1994"
"1986","1994","S","5879","4079","4079","1986_1994"
"1986","1994","S","5880","4080","4080","1986_1994"
"1986","1994","S","5891","4091","4091","1986_1994"
"1986","1994","S","5892","4092","4092","1986_1994"
"1986","1994","S","5899","4099","4099","1986_1994"
"1986","1994","S","6011","4111","4111","1986_1994"
"1986","1994","S","6012","4112","4112","1986_1994"
"1986","1994","S","6013","4113","4113","1986_1994"
"1986","1994","S","6019","4119","4119","1986_1994"
"1986","1994","S","6031","4121","4121","1986_1994"
"1986","1994","S","6032","4122","4122","1986_1994"
"1986","1994","S","6070","4130","4130","1986_1994"
"1986","1994","S","6081","4141","4141","1986_1994"
"1986","1994","S","6083","4143","4143","1986_1994"
"1986","1994","S","6111","4151","4151","1986_1994"
"1986","1994","S","6113","4153","4153_4155","1986_1994"
"1986","1994","S","6113","4155","4153_4155","1986_1994"
"1986","1994","S","6130","4160","4160","1986_1994"
"1986","1994","S","6161","4171","4171","1986_1994"
"1986","1994","S","6162","4172","4172","1986_1994"
"1986","1994","S","6163","4173","4173","1986_1994"
"1986","1994","S","6181","4181","4181","1986_1994"
"1986","1994","S","6182","4182","4182","1986_1994"
"1986","1994","S","6183","4183","4183","1986_1994"
"1986","1994","S","6189","4189","4189","1986_1994"
"1986","1994","S","6190","4190","4190","1986_1994"
"1986","1994","S","6311","4211","4211","1986_1994"
"1986","1994","S","6313","4212","4212","1986_1994"
"1986","1994","S","6315","4213","4213","1986_1994"
"1986","1994","S","6317","4214","4214","1986_1994"
"1986","1994","S","6318","4223","4223","1986_1994"
"1986","1994","S","6321","4215","4215","1986_1994"
"1986","1994","S","6323","4216","4216","1986_1994"
"1986","1994","S","6325","4217","4217","1986_1994"
"1986","1994","S","6327","4224","4224","1986_1994"
"1986","1994","S","6328","4225","4225","1986_1994"
"1986","1994","S","6329","4226","4226","1986_1994"
"1986","1994","S","6331","4227","4227","1986_1994"
"1986","1994","S","6333","4228","4228","1986_1994"
"1986","1994","S","6340","4230","4230","1986_1994"
"1986","1994","S","6350","4241","4241","1986_1994"
"1986","1994","S","6360","4242","4242","1986_1994"
"1986","1994","S","6370","4243","4243","1986_1994"
"1986","1994","S","6380","4280","4280","1986_1994"
"1986","1994","S","6610","4391","4391","1986_1994"
"1986","1994","S","6620","4357","4357_4392","1986_1994"
"1986","1994","S","6620","4392","4357_4392","1986_1994"
"1986","1994","S","6710","5030","5030_5032_5033_5034_5035_5036_5037","1986_1994"
"1986","1994","S","6710","5032","5030_5032_5033_5034_5035_5036_5037","1986_1994"
"1986","1994","S","6710","5033","5030_5032_5033_5034_5035_5036_5037","1986_1994"
"1986","1994","S","6710","5034","5030_5032_5033_5034_5035_5036_5037","1986_1994"
"1986","1994","S","6710","5035","5030_5032_5033_5034_5035_5036_5037","1986_1994"
"1986","1994","S","6710","5036","5030_5032_5033_5034_5035_5036_5037","1986_1994"
"1986","1994","S","6710","5037","5030_5032_5033_5034_5035_5036_5037","1986_1994"
"1986","1994","S","6720","5031","5031","1986_1994"
"1986","1994","S","6730","5020","5020","1986_1994"
"1986","1994","S","6740","5038","5038_5040_5050","1986_1994"
"1986","1994","S","6740","5040","5038_5040_5050","1986_1994"
"1986","1994","S","6740","5050","5038_5040_5050","1986_1994"
"1986","1994","S","6750","5010","5010","1986_1994"
"1986","1994","S","6760","5060","5060_5090","1986_1994"
"1986","1994","S","6760","5090","5060_5090","1986_1994"
"1986","1994","S","6770","9330","9330","1986_1994"
"1986","1994","S","6780","5090","5090","1986_1994"
"1986","1994","S","6910","4710","4710_4720_4730_4740_4790","1986_1994"
"1986","1994","S","6910","4720","4710_4720_4730_4740_4790","1986_1994"
"1986","1994","S","6910","4730","4710_4720_4730_4740_4790","1986_1994"
"1986","1994","S","6910","4740","4710_4720_4730_4740_4790","1986_1994"
"1986","1994","S","6910","4790","4710_4720_4730_4740_4790","1986_1994"
"1986","1994","S","7100","4820","4820_5040","1986_1994"
"1986","1994","S","7100","5040","4820_5040","1986_1994"
"1986","1994","S","7310","5200","5200","1986_1994"
"1986","1994","S","7321","5310","5310","1986_1994"
"1986","1994","S","7322","5710","5710","1986_1994"
"1986","1994","S","7329","5390","5390","1986_1994"
"1986","1994","S","7341","5510","5510","1986_1994"
"1986","1994","S","7342","5520","5520","1986_1994"
"1986","1994","S","7343","5530","5530","1986_1994"
"1986","1994","S","7344","5720","5720_5721_5722","1986_1994"
"1986","1994","S","7344","5721","5720_5721_5722","1986_1994"
"1986","1994","S","7344","5722","5720_5721_5722","1986_1994"
"1986","1994","S","7345","5730","5730","1986_1994"
"1986","1994","S","7349","5590","5590","1986_1994"
"1986","1994","S","7350","5610","5610_5620","1986_1994"
"1986","1994","S","7350","5620","5610_5620","1986_1994"
"1986","1994","S","7360","5750","5750","1986_1994"
"1986","1994","S","7410","6010","6010","1986_1994"
"1986","1994","S","7420","6020","6020","1986_1994"
"1986","1994","S","7430","6030","6030","1986_1994"
"1986","1994","S","7700","6710","6710_6720_6791_6793_6795_6799","1986_1994"
"1986","1994","S","7700","6720","6710_6720_6791_6793_6795_6799","1986_1994"
"1986","1994","S","7700","6791","6710_6720_6791_6793_6795_6799","1986_1994"
"1986","1994","S","7700","6793","6710_6720_6791_6793_6795_6799","1986_1994"
"1986","1994","S","7700","6795","6710_6720_6791_6793_6795_6799","1986_1994"
"1986","1994","S","7700","6799","6710_6720_6791_6793_6795_6799","1986_1994"
"1986","1994","S","7900","5900","5900","1986_1994"
"1986","1994","S","8000","7300","7300","1986_1994"
"1986","1994","S","8110","7511","7511_7512_7513_7514_7519","1986_1994"
"1986","1994","S","8110","7512","7511_7512_7513_7514_7519","1986_1994"
"1986","1994","S","8110","7513","7511_7512_7513_7514_7519","1986_1994"
"1986","1994","S","8110","7514","7511_7512_7513_7514_7519","1986_1994"
"1986","1994","S","8110","7519","7511_7512_7513_7514_7519","1986_1994"
"1986","1994","S","8120","7520","7520","1986_1994"
"1986","1994","S","8130","7540","7540","1986_1994"
"1986","1994","S","8140","7550","7550","1986_1994"
"1986","1994","S","8150","7560","7560","1986_1994"
"1986","1994","S","8190","7590","7590","1986_1994"
"1986","1994","S","8210","8000","8000","1986_1994"
"1986","1994","S","8230","7610","7610","1986_1994"
"1986","1994","S","8240","7620","7620","1986_1994"
"1986","1994","S","8250","7630","7630","1986_1994"
"1986","1994","S","8260","7640","7640","1986_1994"
"1986","1994","S","8270","7660","7660","1986_1994"
"1986","1994","S","8290","7690","7690","1986_1994"
"1986","1994","S","8300","8210","8210_8221_8222_8223_8224_8290","1986_1994"
"1986","1994","S","8300","8221","8210_8221_8222_8223_8224_8290","1986_1994"
"1986","1994","S","8300","8222","8210_8221_8222_8223_8224_8290","1986_1994"
"1986","1994","S","8300","8223","8210_8221_8222_8223_8224_8290","1986_1994"
"1986","1994","S","8300","8224","8210_8221_8222_8223_8224_8290","1986_1994"
"1986","1994","S","8300","8290","8210_8221_8222_8223_8224_8290","1986_1994"
"1986","1994","S","8410","8511","8511_8512_8513_8514_8519","1986_1994"
"1986","1994","S","8410","8512","8511_8512_8513_8514_8519","1986_1994"
"1986","1994","S","8410","8513","8511_8512_8513_8514_8519","1986_1994"
"1986","1994","S","8410","8514","8511_8512_8513_8514_8519","1986_1994"
"1986","1994","S","8410","8519","8511_8512_8513_8514_8519","1986_1994"
"1986","1994","S","8420","8520","8520","1986_1994"
"1986","1994","S","8430","8514","8514","1986_1994"
"1986","1994","S","8440","8530","8530","1986_1994"
"1986","1994","S","8450","8540","8540","1986_1994"
"1986","1994","S","8460","8550","8550","1986_1994"
"1986","1994","S","8470","8560","8560","1986_1994"
"1986","1994","S","8490","8590","8590","1986_1994"
"1986","1994","S","8500","8600","8600","1986_1994"
"1986","1994","S","8600","8711","8711_8712_8713_8720_8790","1986_1994"
"1986","1994","S","8600","8712","8711_8712_8713_8720_8790","1986_1994"
"1986","1994","S","8600","8713","8711_8712_8713_8720_8790","1986_1994"
"1986","1994","S","8600","8720","8711_8712_8713_8720_8790","1986_1994"
"1986","1994","S","8600","8790","8711_8712_8713_8720_8790","1986_1994"
"1986","1994","S","8711","8911","8911","1986_1994"
"1986","1994","S","8712","8912","8912","1986_1994"
"1986","1994","S","8721","8921","8921","1986_1994"
"1986","1994","S","8722","8922","8922","1986_1994"
"1986","1994","S","8723","8923","8923","1986_1994"
"1986","1994","S","8724","8924","8924","1986_1994"
"1986","1994","S","8725","8925","8925","1986_1994"
"1986","1994","S","8726","8926","8926","1986_1994"
"1986","1994","S","8731","8931","8931","1986_1994"
"1986","1994","S","8732","8932","8932","1986_1994"
"1986","1994","S","8740","8940","8940","1986_1994"
"1986","1994","S","8750","8950","8950","1986_1994"
"1986","1994","S","8790","8990","8990","1986_1994"
"1986","1994","S","8810","9120","9120","1986_1994"
"1986","1994","S","8820","9010","9010","1986_1994"
"1986","1994","S","8830","9020","9020","1986_1994"
"1986","1994","S","8840","9030","9030","1986_1994"
"1986","1994","S","8850","9040","9040","1986_1994"
"1986","1994","S","8860","9060","9060","1986_1994"
"1986","1994","S","8870","9070","9070","1986_1994"
"1986","1994","S","8890","9090","9090","1986_1994"
"1986","1994","S","8900","9110","9110_9130","1986_1994"
"1986","1994","S","8900","9130","9110_9130","1986_1994"
"1986","1994","S","9010","9210","9210","1986_1994"
"1986","1994","S","9020","9220","9220","1986_1994"
"1986","1994","S","9030","9230","9230","1986_1994"
"1986","1994","S","9110","9310","9310","1986_1994"
"1986","1994","S","9120","9320","9320","1986_1994"
"1986","1994","S","9130","9330","9330","1986_1994"
"1986","1994","S","9140","9340","9340","1986_1994"
"1986","1994","S","9150","9350","9350","1986_1994"
"1986","1994","S","9160","9360","9360","1986_1994"
"1986","1994","S","9170","8310","8310_8320_8330_8340","1986_1994"
"1986","1994","S","9170","8320","8310_8320_8330_8340","1986_1994"
"1986","1994","S","9170","8330","8310_8320_8330_8340","1986_1994"
"1986","1994","S","9170","8340","8310_8320_8330_8340","1986_1994"
"1986","1994","S","9190","9390","9390","1986_1994"
"1986","1994","S","9300","6810","6810_6820_6830_6840_6850_6860_6871_6872_6873_6879","1986_1994"
"1986","1994","S","9300","6820","6810_6820_6830_6840_6850_6860_6871_6872_6873_6879","1986_1994"
"1986","1994","S","9300","6830","6810_6820_6830_6840_6850_6860_6871_6872_6873_6879","1986_1994"
"1986","1994","S","9300","6840","6810_6820_6830_6840_6850_6860_6871_6872_6873_6879","1986_1994"
"1986","1994","S","9300","6850","6810_6820_6830_6840_6850_6860_6871_6872_6873_6879","1986_1994"
"1986","1994","S","9300","6860","6810_6820_6830_6840_6850_6860_6871_6872_6873_6879","1986_1994"
"1986","1994","S","9300","6871","6810_6820_6830_6840_6850_6860_6871_6872_6873_6879","1986_1994"
"1986","1994","S","9300","6872","6810_6820_6830_6840_6850_6860_6871_6872_6873_6879","1986_1994"
"1986","1994","S","9300","6873","6810_6820_6830_6840_6850_6860_6871_6872_6873_6879","1986_1994"
"1986","1994","S","9300","6879","6810_6820_6830_6840_6850_6860_6871_6872_6873_6879","1986_1994"
"1986","1994","S","9400","7000","7000","1986_1994"
"1986","1994","S","9500","9400","9400","1986_1994"
"1986","1994","S","9600","9500","9500","1986_1994"
"1986","1994","S","9700","9600","9600","1986_1994"
"1986","1994","S","9800","9910","9910","1986_1994"
"1986","1994","S",,"0330","0330","1986_1994"
"1986","1994","S",,"1317","1317","1986_1994"
"1986","1994","S",,"1340","1340","1986_1994"
"1986","1994","S",,"1344","1344","1986_1994"
"1986","1994","S",,"1351","1351","1986_1994"
"1986","1994","S",,"1352","1352","1986_1994"
"1986","1994","S",,"1353","1353","1986_1994"
"1986","1994","S",,"1354","1354","1986_1994"
"1986","1994","S",,"1359","1359","1986_1994"
"1986","1994","S",,"1390","1390","1986_1994"
"1986","1994","S",,"1413","1413","1986_1994"
"1986","1994","S",,"1415","1415","1986_1994"
"1986","1994","S",,"1432","1432","1986_1994"
"1986","1994","S",,"1435","1435","1986_1994"
"1986","1994","S",,"1449","1449","1986_1994"
"1986","1994","S",,"1522","1522","1986_1994"
"1986","1994","S",,"1951","1951","1986_1994"
"1986","1994","S",,"1952","1952","1986_1994"
"1986","1994","S",,"2011","2011","1986_1994"
"1986","1994","S",,"2012","2012","1986_1994"
"1986","1994","S",,"2223","2223","1986_1994"
"1986","1994","S",,"2311","2311","1986_1994"
"1986","1994","S",,"2312","2312","1986_1994"
"1986","1994","S",,"2319","2319","1986_1994"
"1986","1994","S",,"2320","2320","1986_1994"
"1986","1994","S",,"2530","2530","1986_1994"
"1986","1994","S",,"2652","2652","1986_1994"
"1986","1994","S",,"2653","2653","1986_1994"
"1986","1994","S",,"2654","2654","1986_1994"
"1986","1994","S",,"2661","2661","1986_1994"
"1986","1994","S",,"2662","2662","1986_1994"
"1986","1994","S",,"2663","2663","1986_1994"
"1986","1994","S",,"2664","2664","1986_1994"
"1986","1994","S",,"2665","2665","1986_1994"
"1986","1994","S",,"2677","2677","1986_1994"
"1986","1994","S",,"2681","2681","1986_1994"
"1986","1994","S",,"2819","2819","1986_1994"
"1986","1994","S",,"2851","2851","1986_1994"
"1986","1994","S",,"2852","2852","1986_1994"
"1986","1994","S",,"2853","2853","1986_1994"
"1986","1994","S",,"2854","2854","1986_1994"
"1986","1994","S",,"2859","2859","1986_1994"
"1986","1994","S",,"3136","3136","1986_1994"
"1986","1994","S",,"3381","3381","1986_1994"
"1986","1994","S",,"3383","3383","1986_1994"
"1986","1994","S",,"3385","3385","1986_1994"
"1986","1994","S",,"3387","3387","1986_1994"
"1986","1994","S",,"3487","3487","1986_1994"
"1986","1994","S",,"3619","3619","1986_1994"
"1986","1994","S",,"3634","3634","1986_1994"
"1986","1994","S",,"3671","3671","1986_1994"
"1986","1994","S",,"3673","3673","1986_1994"
"1986","1994","S",,"3685","3685","1986_1994"
"1986","1994","S",,"3689","3689","1986_1994"
"1986","1994","S",,"3714","3714","1986_1994"
"1986","1994","S",,"3715","3715","1986_1994"
"1986","1994","S",,"3716","3716","1986_1994"
"1986","1994","S",,"3724","3724","1986_1994"
"1986","1994","S",,"3726","3726","1986_1994"
"1986","1994","S",,"3731","3731","1986_1994"
"1986","1994","S",,"3732","3732","1986_1994"
"1986","1994","S",,"3740","3740","1986_1994"
"1986","1994","S",,"3761","3761","1986_1994"
"1986","1994","S",,"3762","3762","1986_1994"
"1986","1994","S",,"3763","3763","1986_1994"
"1986","1994","S",,"3764","3764","1986_1994"
"1986","1994","S",,"3765","3765","1986_1994"
"1986","1994","S",,"3779","3779","1986_1994"
"1986","1994","S",,"3900","3900","1986_1994"
"1986","1994","S",,"4074","4074","1986_1994"
"1986","1994","S",,"4218","4218","1986_1994"
"1986","1994","S",,"4219","4219","1986_1994"
"1986","1994","S",,"4221","4221","1986_1994"
"1986","1994","S",,"4222","4222","1986_1994"
"1986","1994","S",,"4229","4229","1986_1994"
"1986","1994","S",,"4290","4290","1986_1994"
"1986","1994","S",,"4319","4319","1986_1994"
"1986","1994","S",,"4810","4810","1986_1994"
"1986","1994","S",,"4900","4900","1986_1994"
"1986","1994","S",,"5060","5060","1986_1994"
"1986","1994","S",,"5090","5090","1986_1994"
"1986","1994","S",,"5400","5400","1986_1994"
"1986","1994","S",,"5740","5740","1986_1994"
"1986","1994","S",,"5790","5790","1986_1994"
"1986","1994","S",,"5800","5800","1986_1994"
"1986","1994","S",,"6111","6111","1986_1994"
"1986","1994","S",,"6112","6112","1986_1994"
"1986","1994","S",,"6113","6113","1986_1994"
"1986","1994","S",,"6114","6114","1986_1994"
"1986","1994","S",,"6115","6115","1986_1994"
"1986","1994","S",,"6116","6116","1986_1994"
"1986","1994","S",,"6117","6117","1986_1994"
"1986","1994","S",,"6118","6118","1986_1994"
"1986","1994","S",,"6119","6119","1986_1994"
"1986","1994","S",,"6121","6121","1986_1994"
"1986","1994","S",,"6122","6122","1986_1994"
"1986","1994","S",,"6131","6131","1986_1994"
"1986","1994","S",,"6132","6132","1986_1994"
"1986","1994","S",,"6133","6133","1986_1994"
"1986","1994","S",,"6141","6141","1986_1994"
"1986","1994","S",,"6142","6142","1986_1994"
"1986","1994","S",,"6149","6149","1986_1994"
"1986","1994","S",,"6150","6150","1986_1994"
"1986","1994","S",,"6160","6160","1986_1994"
"1986","1994","S",,"6171","6171","1986_1994"
"1986","1994","S",,"6172","6172","1986_1994"
"1986","1994","S",,"6173","6173","1986_1994"
"1986","1994","S",,"6211","6211","1986_1994"
"1986","1994","S",,"6212","6212","1986_1994"
"1986","1994","S",,"6219","6219","1986_1994"
"1986","1994","S",,"6220","6220","1986_1994"
"1986","1994","S",,"6230","6230","1986_1994"
"1986","1994","S",,"624。","624。","1986_1994"
"1986","1994","S",,"6250","6250","1986_1994"
"1986","1994","S",,"6261","6261","1986_1994"
"1986","1994","S",,"6262","6262","1986_1994"
"1986","1994","S",,"6270","6270","1986_1994"
"1986","1994","S",,"6281","6281","1986_1994"
"1986","1994","S",,"6282","6282","1986_1994"
"1986","1994","S",,"6289","6289","1986_1994"
"1986","1994","S",,"6290","6290","1986_1994"
"1986","1994","S",,"6310","6310","1986_1994"
"1986","1994","S",,"6320","6320","1986_1994"
"1986","1994","S",,"6330","6330","1986_1994"
"1986","1994","S",,"6390","6390","1986_1994"
"1986","1994","S",,"6411","6411","1986_1994"
"1986","1994","S",,"6412","6412","1986_1994"
"1986","1994","S",,"6419","6419","1986_1994"
"1986","1994","S",,"6421","6421","1986_1994"
"1986","1994","S",,"6422","6422","1986_1994"
"1986","1994","S",,"6423","6423","1986_1994"
"1986","1994","S",,"6429","6429","1986_1994"
"1986","1994","S",,"6430","6430","1986_1994"
"1986","1994","S",,"6440","6440","1986_1994"
"1986","1994","S",,"6450","6450","1986_1994"
"1986","1994","S",,"6470","6470","1986_1994"
"1986","1994","S",,"6480","6480","1986_1994"
"1986","1994","S",,"6491","6491","1986_1994"
"1986","1994","S",,"6492","6492","1986_1994"
"1986","1994","S",,"6493","6493","1986_1994"
"1986","1994","S",,"6494","6494","1986_1994"
"1986","1994","S",,"6495","6495","1986_1994"
"1986","1994","S",,"6496","6496","1986_1994"
"1986","1994","S",,"6497","6497","1986_1994"
"1986","1994","S",,"6499","6499","1986_1994"
"1986","1994","S",,"6500","6500","1986_1994"
"1986","1994","S",,"7200","7200","1986_1994"
"1986","1994","S",,"7400","7400","1986_1994"
"1986","1994","S",,"7530","7530","1986_1994"
"1986","1994","S",,"7650","7650","1986_1994"
"1986","1994","S",,"7670","7670","1986_1994"
"1986","1994","S",,"7680","7680","1986_1994"
"1986","1994","S",,"7800","7800","1986_1994"
"1986","1994","S",,"7900","7900","1986_1994"
"1986","1994","S",,"8000","8000","1986_1994"
"1986","1994","S",,"8100","8100","1986_1994"
"1986","1994","S",,"8410","8410","1986_1994"
"1986","1994","S",,"8490","8490","1986_1994"
"1986","1994","S",,"9050","9050","1986_1994"
"1986","1994","S",,"9080","9080","1986_1994"
"1986","1994","S",,"9370","9370","1986_1994"
"1986","1994","S",,"9380","9380","1986_1994"
"1986","1994","S",,"9710","9710","1986_1994"
"1986","1994","S",,"9720","9720","1986_1994"
"1986","1994","S",,"9910","9910","1986_1994"
"1986","1994","S",,"9920","9920","1986_1994"
